persona_id,rater_bias
1,1.0577586206896665
2,-0.7472273998135988
3,-0.5310111835973901
4,0.18070052811432014
5,-0.6030832556694623
6,0.34286269027648775
7,0.07272727272726698
8,0.4636363636363603
9,0.1909090909090878
10,-0.42727272727273213
